id, team_name, team_score
1, Detroit Pistons, 1
2, Orlando Magic, 2
3, Minnesota Timberwolves, 3
4, Chicago Bulls, 4
5, Sacramento Kings, 5
6, Charlotte Hornets, 6
7, Washington Wizards, 7
8, Cleveland Cavaliers, 8
9, Houston Rockets, 9
10, Oklahoma City Thunder, 10
11, Toronto Raptors, 11
12, New Orleans Pelicans, 12
13, San Antonio Spurs, 13
14, Portland Trailblazers, 14
15, Indiana Pacers, 15
16, Denver Nuggets, 16
17, Milwaukee Bucks, 17
18, Utah Jazz, 18
19, Memphis Grizzlies, 19
20, Miami Heat, 20
21, New York Knicks, 21
22, Phoenix Suns, 22
23, Atlanta Hawks, 23
24, Golden State Warriors, 24
25, Philadelphia 76ers, 25
26, Boston Celtics, 26
27, Dallas Mavericks, 27
28, Los Angeles Clippers, 28
29, Brooklyn Nets, 29
30, Los Angeles Lakers, 30